<?xml version="1.0" encoding="UTF-8"?>
<beans
	xmlns="http://www.springframework.org/schema/beans"
	xmlns:xsi="http://www.w3.org/2001/XMLSchema-instance"
	xmlns:context="http://www.springframework.org/schema/context"
	xmlns:p="http://www.springframework.org/schema/p"
	xmlns:tx="http://www.springframework.org/schema/tx"
	xmlns:mvc="http://www.springframework.org/schema/mvc"
	xsi:schemaLocation="http://www.springframework.org/schema/beans http://www.springframework.org/schema/beans/spring-beans.xsd
	http://www.springframework.org/schema/context
	http://www.springframework.org/schema/context/spring-context.xsd
	 http://www.springframework.org/schema/tx
    http://www.springframework.org/schema/tx/spring-tx.xsd
     http://www.springframework.org/schema/mvc
    http://www.springframework.org/schema/mvc/spring-mvc.xsd"
	>
	<tx:annotation-driven/>
	<context:component-scan base-package="com.springmvc.controller"></context:component-scan>
	<context:component-scan base-package="com.springmvc.service"></context:component-scan>
	
	
	<mvc:annotation-driven/>
	<mvc:resources mapping="/css/**" location="/css/" />
	
	<bean name="viewResolver" class="org.springframework.web.servlet.view.InternalResourceViewResolver">
	<property name="prefix" value="/WEB-INF/views/"></property>
	<property name="suffix" value=".jsp"></property>
	</bean>
	
	
	<bean
		class="org.springframework.jdbc.datasource.DriverManagerDataSource"
		name="ds">

		<property name="driverClassName"
			value="com.mysql.jdbc.Driver" />
		<property name="url"
			value="jdbc:mysql://localhost:3306/springecommerce" />
		<property name="username" value="root" />
		<property name="password" value="1234"></property>

	</bean>
	
	
	
	
	
	
	<bean
		class="org.springframework.orm.hibernate5.LocalSessionFactoryBean"
		name="factory">

		<!-- data source -->
		<property name="dataSource" ref="ds"></property>

		<!-- hibernate properties -->
		<property name="hibernateProperties">
			<props>
				<prop key="hibernate.dialect">org.hibernate.dialect.MySQL8Dialect</prop>
				<prop key="hibernate.show_sql">true</prop>
				<prop key="hibernate.hbm2ddl.auto">update</prop>
			</props>
		</property>

		<!-- annotated classes -->
		<property name="annotatedClasses">
			<list>
				<value>
					com.springmvc.model.Admin
			
				</value>
				<value>
					com.springmvc.model.User
			
				</value>
				<value>
					com.springmvc.model.Product
			
				</value>
				
				<value>
					com.springmvc.model.PurchaseTableProducts
			
				</value>
				
				<value>
					com.springmvc.model.Order1
			
				</value>
				
			</list>
		</property>
		<!--  <property name="annotatedClasses">
		
				<value>
					com.springmvc.model.User
			
				</value>
			
		</property>-->
		

	</bean>
	
   
	
	<bean
		class=" org.springframework.orm.hibernate5.HibernateTemplate"
		name="hibernateTemplate">
		<property name="sessionFactory" ref="factory"></property>

	</bean>
	
	
	
	<bean id="adminDao" class="com.springmvc.dao.AdminDao" >
		<property name="hibernateTemplate" ref="hibernateTemplate"></property>
	</bean>
	
	<bean class="com.springmvc.service.AdminService" name="adminService">
		<constructor-arg ref="adminDao"/>
	</bean>
	
	
	<bean id="userDao" class="com.springmvc.dao.UserDao" >
		<property name="hibernateTemplate" ref="hibernateTemplate"></property>
	</bean>
	
	<bean class="com.springmvc.service.UserService" name="userService">
		<constructor-arg ref="userDao"/>
	</bean>
	
	
	<bean id="productDao" class="com.springmvc.dao.ProductDao" >
		<property name="hibernateTemplate" ref="hibernateTemplate"></property>
	</bean>
	
	<bean class="com.springmvc.service.ProductService" name="productService">
		<constructor-arg ref="productDao"/>
	</bean>
	
	
	<bean id="purchaseTableProductsDao" class="com.springmvc.dao.PurchaseTableProductsDao" >
		<property name="hibernateTemplate" ref="hibernateTemplate"></property>
	</bean>
	
	<bean class="com.springmvc.service.PurchaseTableProductsService" name="purchaseTableProductsService">
		<constructor-arg ref="purchaseTableProductsDao"/>
	</bean>
	
	
	<bean id="orderDao" class="com.springmvc.dao.OrderDao" >
		<property name="hibernateTemplate" ref="hibernateTemplate"></property>
	</bean>
	
	<bean class="com.springmvc.service.OrderService" name="orderService">
		<constructor-arg ref="orderDao"/>
	</bean>
	
	<bean
		class="org.springframework.orm.hibernate5.HibernateTransactionManager"
		name="transactionManager">
		<property name="sessionFactory" ref="factory"></property>
	</bean>
</beans>
	
